observation_date,CSUSHPISA,PERMIT,TTLCONS,MSACSR,FEDFUNDS,UNRATE,DSPIC96,PPIACO,HOUST,CNP16OV,UMCSENT,MEDCPIM158SFRBCLE,DPRIME,PSAVERT,CIVPART,ETOTALUSQ176N,A939RX0Q048SBEA,MSPUS,DRALACBN
1/1/2000,100.551,1727,784940,4.3,5.45,4,9799.9,128.3,1636,211410,112,3.85177112617523,8.5,4.5,67.3,0,49335,165300,211410
2/1/2000,101.339,1692,793737,4.3,5.73,4.1,9837.9,129.8,1737,211576,111.3,2.78558392501993,8.73,4,67.3,0,49335,165300,211410
3/1/2000,102.127,1651,809459,4.3,5.85,4,9864,130.8,1604,211772,107.1,3.41680877584016,8.84,3.8,67.3,0,49335,165300,211410
4/1/2000,102.922,1597,804766,4.4,6.02,3.8,9913.7,130.7,1626,212018,109.2,2.27690126641777,9,4.3,67.3,116047,50109,163200,211576
5/1/2000,103.678,1543,805005,4.4,6.27,4,9954.5,131.6,1575,212242,110.7,2.85353384475986,9.23,4.3,67.1,116047,50109,163200,211576
6/1/2000,104.424,1572,795411,4.8,6.53,4,9982.3,133.8,1559,212466,106.4,3.14253450270141,9.5,4.3,67.1,116047,50109,163200,211576
7/1/2000,105.054,1542,783795,4.1,6.54,4,10035.9,133.7,1463,212677,108.3,3.43636335274047,9.5,4.7,66.9,116482,50024,168800,211772
8/1/2000,105.768,1552,805341,4.4,6.5,4.1,10098.3,132.9,1541,212916,107.3,2.87570061509343,9.5,4.8,66.9,116482,50024,168800,211772
9/1/2000,106.538,1570,814330,4,6.52,3.9,10110.3,134.7,1507,213163,106.8,3.06873423353,9.5,4.1,66.9,116482,50024,168800,211772
10/1/2000,107.382,1577,816100,4,6.51,3.9,10139.2,135.4,1549,213405,105.8,2.70107326535745,9.5,4.3,66.8,116914,50190,172900,212018
11/1/2000,108.302,1614,820054,4.2,6.51,3.9,10143.5,135,1551,213540,107.6,2.65177399972001,9.5,4.3,66.9,116914,50190,172900,212018
12/1/2000,109.14,1543,811516,3.6,6.4,3.9,10164.3,136.2,1532,213736,98.4,3.29646102251591,9.5,4.1,67,116914,50190,172900,212018
1/1/2001,109.846,1699,814479,3.8,5.98,4.2,10211.7,140,1600,213888,94.7,4.0764778317574,9.05,4.5,67.2,117347,49911,169800,212242
2/1/2001,110.5,1656,813647,3.7,5.49,4.2,10223.4,137.4,1625,214110,90.6,2.83678895437489,8.5,4.6,67.1,117347,49911,169800,212242
3/1/2001,111.109,1659,828057,3.8,5.31,4.3,10254.4,135.9,1590,214305,91.5,2.99214660516078,8.32,4.9,67.2,117347,49911,169800,212242
4/1/2001,111.652,1666,842392,3.9,4.8,4.4,10233.1,136.4,1649,214525,88.4,3.14463308812682,7.81,4.8,66.9,117786,50105,179000,212466
5/1/2001,112.164,1665,848146,4,4.21,4.3,10214.7,136.8,1605,214732,92,3.50111619196587,7.25,4.3,66.7,117786,50105,179000,212466
6/1/2001,112.796,1626,855730,4.2,3.97,4.5,10218.1,135.5,1636,214950,92.6,3.52180031475502,6.98,4.2,66.7,117786,50105,179000,212466
7/1/2001,113.491,1598,850471,4.2,3.77,4.6,10370.7,133.4,1670,215180,92.4,2.43504110768855,6.75,5.4,66.8,118216,49774,172500,212677
8/1/2001,114.167,1615,847465,4.4,3.65,4.9,10543.1,133.4,1567,215420,91.5,3.80544284558475,6.66,6.5,66.5,118216,49774,172500,212677
9/1/2001,114.812,1565,837412,4.4,3.07,5,10452.8,133.3,1562,215665,81.8,2.78250757475318,6.26,6.9,66.8,118216,49774,172500,212677
10/1/2001,115.31,1566,845941,4.3,2.49,5.3,10267.7,130.3,1540,215903,82.7,4.18407658200821,5.55,2.9,66.7,118635,49783,171100,212916
11/1/2001,115.857,1651,843911,4.1,2.09,5.5,10279.7,129.8,1602,216117,83.9,3.44317141159673,5.1,3.4,66.7,118635,49783,171100,212916
12/1/2001,116.455,1680,849689,3.8,1.82,5.7,10298.9,128.1,1568,216315,88.8,2.47528603199942,4.84,3.7,66.7,118635,49783,171100,212916
1/1/2002,117.144,1665,858654,4.2,1.73,5.7,10514.7,128.5,1698,216506,93,2.76158967150149,4.75,5.6,66.5,119061,50091,188700,213163
2/1/2002,117.845,1787,862338,4,1.74,5.7,10531.6,128.4,1829,216663,90.7,3.38352407504046,4.75,5.4,66.8,119061,50091,188700,213163
3/1/2002,118.687,1691,844551,4.1,1.73,5.7,10539,129.8,1642,216823,95.7,2.8726214230371,4.75,5.5,66.6,119061,50091,188700,213163
4/1/2002,119.611,1669,858240,4.3,1.75,5.9,10574.2,130.8,1592,217006,93,2.67648214481753,4.75,5.4,66.7,119483,50286,187200,213405
5/1/2002,120.724,1716,850935,4,1.75,5.8,10616.5,130.8,1764,217198,96.9,2.42019843819257,4.75,6.1,66.7,119483,50286,187200,213405
6/1/2002,121.813,1758,846777,4.2,1.75,5.8,10648.2,130.9,1717,217407,92.4,2.5025331988713,4.75,6.1,66.6,119483,50286,187200,213405
7/1/2002,122.888,1738,847129,4.2,1.73,5.8,10621,131.2,1655,217630,88.1,2.24505523113134,4.75,5.3,66.5,119909,50362,178100,213540
8/1/2002,123.83,1695,839008,4,1.74,5.7,10623,131.5,1633,217866,87.6,2.28572177593909,4.75,5.2,66.6,119909,50362,178100,213540
9/1/2002,124.78,1803,832134,3.9,1.75,5.7,10633.6,132.3,1804,218107,86.1,2.71779789775748,4.75,5.8,66.7,119909,50362,178100,213540
10/1/2002,125.735,1799,839690,4,1.75,5.7,10661.8,133.2,1648,218340,80.6,2.31390307533894,4.75,5.6,66.6,120350,50302,190100,213736
11/1/2002,126.67,1771,844697,4,1.34,5.9,10690.9,133.1,1753,218548,84.2,1.91097600745183,4.35,5.6,66.4,120350,50302,190100,213736
12/1/2002,127.624,1896,855921,4,1.24,6,10719.9,132.9,1788,218741,86.7,3.01261428455382,4.25,5.3,66.3,120350,50302,190100,213736
1/1/2003,128.461,1808,863855,4,1.24,5.8,10710.4,135.3,1853,219897,82.4,2.18139042769816,4.25,5.3,66.4,120792,50462,186000,213888
2/1/2003,129.355,1854,859225,4.5,1.26,5.9,10674,137.6,1629,220114,79.9,1.97583023449681,4.25,5.2,66.4,120792,50462,186000,213888
3/1/2003,130.148,1757,851132,4.1,1.25,5.9,10696.5,141.2,1726,220317,77.6,1.12621180925949,4.25,4.9,66.3,120792,50462,186000,213888
4/1/2003,130.884,1803,859459,4.1,1.26,6,10752.7,136.8,1643,220540,86,0.553036890472014,4.25,5,66.4,121233,50796,191800,214110
5/1/2003,131.735,1835,866814,3.9,1.26,6.1,10832,136.7,1751,220768,92.1,1.07578818642804,4.25,5.3,66.4,121233,50796,191800,214110
6/1/2003,132.649,1875,880865,3.5,1.22,6.3,10860.6,138,1867,221014,89.7,1.12305963544221,4.23,5.1,66.5,121233,50796,191800,214110
7/1/2003,133.777,1885,891264,3.6,1.01,6.2,10991.1,137.7,1897,221252,90.9,2.67107312265711,4,5.9,66.2,121682,51512,191900,214305
8/1/2003,134.969,1966,901839,3.5,1.03,6.1,11066.7,138,1833,221507,89.3,2.35741426924818,4,5.7,66.1,121682,51512,191900,214305
9/1/2003,136.294,1961,911589,3.8,1.01,6.1,10940.8,138.5,1939,221779,87.7,2.02226514469577,4,4.9,66.1,121682,51512,191900,214305
10/1/2003,137.531,2012,925732,3.8,1.01,6,10982.3,139.3,1967,222039,89.6,2.09586749439761,4,5,66.1,122159,51986,198800,214525
11/1/2003,138.794,1918,925985,4.1,1,5.8,11048.4,138.9,2083,222279,93.7,1.18636241164811,4,5,66.1,122159,51986,198800,214525
12/1/2003,140.179,1987,948491,4,0.98,5.7,11057.2,139.5,2057,222509,92.6,1.79882233944806,4,5,65.9,122159,51986,198800,214525
1/1/2004,141.646,1952,938525,3.8,1,5.7,11051.2,141.4,1911,222161,103.8,2.22007470598395,4,4.6,66.1,122632,52179,212700,214732
2/1/2004,143.192,1966,937813,3.7,1.01,5.6,11071,142.1,1846,222357,94.4,2.91265455346974,4,4.6,66,122632,52179,212700,214732
3/1/2004,145.059,2066,961159,3.6,1,5.8,11115.6,143.1,1998,222550,95.8,2.73440226821979,4,4.5,66,122632,52179,212700,214732
4/1/2004,146.593,2070,967602,4,1,5.6,11153.3,144.8,2003,222757,94.2,2.53838192695393,4,4.9,65.9,123099,52469,217600,214950
5/1/2004,148.186,2150,974381,3.8,1,5.6,11208.9,146.8,1981,222967,90.2,3.21749489052707,4,4.8,66,123099,52469,217600,214950
6/1/2004,149.85,2020,983087,3.9,1.03,5.6,11215.8,147.2,1828,223196,95.6,2.72493144884725,4.01,5.4,66.1,123099,52469,217600,214950
7/1/2004,151.338,2112,1006184,4.5,1.26,5.5,11240.5,147.4,2002,223422,96.7,1.77113695955513,4.25,4.7,66.1,123587,52835,213500,215180
8/1/2004,152.633,2056,1013616,4.3,1.43,5.4,11274.6,148,2024,223677,95.9,2.87323745174035,4.43,4.7,66,123587,52835,213500,215180
9/1/2004,154.179,2041,1012080,4.1,1.61,5.4,11279.6,147.7,1905,223941,94.2,2.1466349952753,4.6,4.1,65.8,123587,52835,213500,215180
10/1/2004,155.75,2097,1015719,3.9,1.76,5.5,11282.5,150,2072,224192,91.7,2.66050109372762,4.75,3.9,65.9,124096,53242,228800,215420
11/1/2004,157.527,2079,1022994,4.3,1.93,5.4,11246.1,151.4,1782,224422,92.8,1.4800663055379,4.92,3.4,66,124096,53242,228800,215420
12/1/2004,159.33,2082,1037480,4.1,2.16,5.4,11659,150.2,2042,224640,97.1,1.91524972608856,5.15,6.2,65.9,124096,53242,228800,215420
1/1/2005,161.288,2139,1046082,4.4,2.28,5.3,11226.5,150.9,2144,224837,95.5,3.42175913634541,5.25,2.7,65.8,124611,53719,232500,215665
2/1/2005,163.344,2114,1066848,4.3,2.5,5.4,11229,151.6,2207,225041,94.1,3.30400229074104,5.49,2.3,65.9,124611,53719,232500,215665
3/1/2005,165.812,2062,1071745,4.1,2.63,5.2,11268.8,153.7,1864,225236,92.6,1.89717939501217,5.59,2.5,65.9,124611,53719,232500,215665
4/1/2005,167.501,2150,1081012,4.3,2.79,5.2,11304.2,155,2061,225441,87.7,2.09647901335652,5.75,2.1,66.1,125118,53868,233700,215903
5/1/2005,169.351,2085,1093341,4.2,3,5.1,11352.7,154.3,2025,225670,86.9,3.16846235161856,5.99,2.6,66.1,125118,53868,233700,215903
6/1/2005,171.19,2178,1105896,4.3,3.04,5,11375.5,154.3,2068,225911,96,1.62477538920178,6.01,2,66.1,125118,53868,233700,215903
7/1/2005,172.86,2203,1119101,4.2,3.26,5,11387.1,156.3,2054,226153,96.5,3.02864557347464,6.25,1.4,66.1,125619,54153,236400,216117
8/1/2005,174.442,2219,1129163,4.5,3.5,4.9,11405.3,157.6,2095,226421,89.1,2.22215620270876,6.43,2,66.2,125619,54153,236400,216117
9/1/2005,176.438,2263,1148438,4.7,3.62,5,11365.2,162.2,2151,226693,76.9,4.02470724061161,6.61,2,66.1,125619,54153,236400,216117
10/1/2005,178.028,2170,1160831,4.5,3.78,5,11428.7,166.2,2065,226959,74.2,3.33157515598619,6.75,2.3,66.1,126104,54317,243600,216315
11/1/2005,179.68,2218,1172090,5,4,5,11500.1,163.7,2147,227204,81.6,2.83691194814226,7,2.6,66,126104,54317,243600,216315
12/1/2005,180.91,2120,1184677,4.9,4.16,4.9,11535.2,163,1994,227425,91.5,2.20489319920401,7.15,2.5,66,126104,54317,243600,216315
1/1/2006,182.321,2212,1195642,5.3,4.29,4.7,11651.8,164.3,2273,227553,91.2,2.88432186623886,7.26,3,66,126584,54927,247700,216506
2/1/2006,183.287,2141,1205639,6.1,4.49,4.8,11702.8,161.8,2119,227763,86.7,2.07202087371556,7.5,3.2,66.1,126584,54927,247700,216506
3/1/2006,184.364,2118,1205169,5.9,4.59,4.7,11747.5,162.2,1969,227975,88.9,3.08218251360963,7.54,3.3,66.2,126584,54927,247700,216506
4/1/2006,184.329,1998,1193296,6.3,4.79,4.7,11744.4,164.3,1821,228199,87.4,2.8870316165126,7.75,3.1,66.1,127072,54945,246300,216663
5/1/2006,184.156,1905,1180581,6.2,4.94,4.6,11736.8,165.8,1942,228428,79.1,4.28816068458393,7.92,2.9,66.1,127072,54945,246300,216663
6/1/2006,183.507,1867,1172128,6.3,4.99,4.6,11751.9,166.1,1802,228671,84.9,3.19983083499134,8.02,2.9,66.2,127072,54945,246300,216663
7/1/2006,183.068,1763,1157926,7.3,5.24,4.7,11746.9,166.8,1737,228912,84.7,3.05393052415284,8.25,2.3,66.1,127548,54886,235600,216823
8/1/2006,182.594,1722,1145907,6.7,5.25,4.7,11737,167.9,1650,229167,82,4.62137039677921,8.25,2.5,66.2,127548,54886,235600,216823
9/1/2006,182.798,1655,1135753,6.7,5.25,4.5,11800.1,165.4,1720,229420,85.4,2.10626377333667,8.25,2.4,66.1,127548,54886,235600,216823
10/1/2006,183.198,1570,1122914,7.3,5.25,4.4,11853.7,162.2,1491,229675,93.6,3.65069704001577,8.25,2.4,66.2,127991,55216,245400,217006
11/1/2006,183.609,1535,1121749,6.6,5.25,4.5,11901.9,164.6,1570,229905,92.1,3.02469916751935,8.25,2.7,66.3,127991,55216,245400,217006
12/1/2006,184.139,1638,1135406,6.5,5.24,4.4,11958.6,165.6,1649,230108,91.7,2.72554654380133,8.25,2.6,66.4,127991,55216,245400,217006
1/1/2007,184.517,1626,1137917,7.2,5.25,4.6,11956.6,164,1409,230650,96.9,2.96441026316892,8.25,2.4,66.4,128439,55260,257400,217198
2/1/2007,184.598,1598,1139032,7.9,5.26,4.5,11996,166.8,1480,230834,91.3,4.44702564001935,8.25,2.8,66.3,128439,55260,257400,217198
3/1/2007,184.15,1596,1146624,7.9,5.26,4.4,12035.1,169.3,1495,231034,88.4,2.68853112184253,8.25,3,66.2,128439,55260,257400,217198
4/1/2007,183.01,1470,1150590,7.4,5.25,4.5,12052.8,171.4,1490,231253,87.1,2.36832536836802,8.25,3,65.9,128888,55474,242200,217407
5/1/2007,181.6,1493,1161581,7.8,5.25,4.4,12059.9,173.3,1415,231480,88.3,2.35349143799752,8.25,2.8,66,128888,55474,242200,217407
6/1/2007,180.254,1407,1163511,8.2,5.25,4.6,12053.3,173.8,1448,231713,85.3,3.26803173677304,8.25,2.7,66,128888,55474,242200,217407
7/1/2007,179.111,1361,1155448,8.3,5.26,4.7,12066.4,175.1,1354,231958,90.4,2.82817098511783,8.25,2.6,66,129300,55649,241800,217630
8/1/2007,178.116,1321,1159077,9.2,5.02,4.6,12070.9,172.4,1330,232211,83.4,2.18457280462696,8.25,2.2,65.8,129300,55649,241800,217630
9/1/2007,177.558,1261,1158580,9.2,4.94,4.7,12089.6,173.5,1183,232461,83.4,3.70440600770083,8.01,2.3,66,129300,55649,241800,217630
10/1/2007,176.624,1192,1152491,8.5,4.76,4.7,12080.4,174.7,1264,232715,80.9,3.43463052089827,7.74,2.2,65.8,129634,55857,238400,217866
11/1/2007,175.147,1224,1132908,9.4,4.49,4.7,12070.1,179,1197,232939,76.1,3.475359352757,7.5,1.9,66,129634,55857,238400,217866
12/1/2007,174.342,1149,1115141,9.6,4.24,5,12120.5,178.6,1037,233156,75.5,2.98265388398264,7.33,2.4,66,129634,55857,238400,217866
1/1/2008,173.132,1094,1111347,9.3,3.94,5,12137.1,181,1084,232616,78.4,3.28360527628442,6.92,2.6,66.2,129968,55497,233900,218107
2/1/2008,171.541,1014,1096648,9.7,2.98,4.9,12141.8,182.7,1103,232809,70.8,2.85747436326564,6,3,66,129968,55497,233900,218107
3/1/2008,170.053,967,1103446,10.5,2.61,5.1,12145.9,187.9,1005,232995,69.5,3.04048574612399,5.64,2.9,66.1,129968,55497,233900,218107
4/1/2008,168.338,1008,1101252,10.3,2.28,5,12100.8,190.9,1013,233198,62.6,2.24101388446512,5.24,2.4,65.9,130303,55705,235300,218340
5/1/2008,166.659,995,1101547,10.7,1.98,5.4,12696.2,196.6,973,233405,59.8,2.4627692895931,5,6.8,66.1,130303,55705,235300,218340
6/1/2008,165.017,1180,1090098,10.7,2,5.6,12376.6,200.5,1046,233627,56.4,4.05370089545272,5,4.6,66.1,130303,55705,235300,218340
7/1/2008,163.566,921,1086952,10.5,2.01,5.8,12188.7,205.5,923,233864,61.2,3.98912873927892,5,3.6,66.1,130590,55278,226500,218548
8/1/2008,161.987,858,1070075,11.3,2,6.1,12120.6,199,844,234107,63,2.94013128490127,5,3.1,66.1,130590,55278,226500,218548
9/1/2008,160.308,797,1059579,10.9,1.81,6.1,12149,196.9,820,234360,70.3,3.17438970761372,5,3.9,66,130590,55278,226500,218548
10/1/2008,158.327,736,1055959,11.6,0.97,6.5,12240.5,186.4,777,234612,57.6,2.20171024216991,4.55,4.9,66,130797,53941,222500,218741
11/1/2008,156.142,626,1035033,11.4,0.39,6.8,12345.9,176.8,652,234828,55.3,1.93625366578525,4,6,65.9,130797,53941,222500,218741
12/1/2008,153.619,554,999139,11.2,0.16,7.3,12288.8,170.9,560,235035,60.1,0.363484150800542,3.61,5.8,65.8,130797,53941,222500,218741
1/1/2009,151.507,545,975099,12.2,0.15,7.8,12361.5,171.2,490,234739,61.2,2.40364062502632,3.25,5.9,65.7,131001,53221,208400,219897
2/1/2009,150.015,558,971708,10.5,0.22,8.3,12241.9,169.3,582,234913,56.3,2.14357605719473,3.25,5.4,65.8,131001,53221,208400,219897
3/1/2009,148.66,513,963793,11,0.18,8.7,12242.7,168.1,505,235086,57.3,1.90828983085518,3.25,5.8,65.6,131001,53221,208400,219897
4/1/2009,147.949,521,932482,10.7,0.15,9,12320,169.1,478,235271,65.1,1.86117019943739,3.25,6.5,65.7,131207,53017,220900,220114
5/1/2009,147.694,556,920020,9.3,0.18,9.4,12500.1,170.8,540,235452,68.7,1.29376893720741,3.25,7.8,65.7,131207,53017,220900,220114
6/1/2009,148.09,601,912530,8.5,0.21,9.5,12273.2,174.1,585,235655,70.8,0.75584590889346,3.25,6.1,65.7,131207,53017,220900,220114
7/1/2009,148.41,595,911438,7.9,0.16,9.5,12218.7,172.5,594,235870,66,0.125832513392354,3.25,5.4,65.5,131375,53081,214300,220317
8/1/2009,148.278,616,900112,7.5,0.16,9.6,12194.8,175,586,236087,65.7,1.6255061079099,3.25,4.4,65.4,131375,53081,214300,220317
9/1/2009,148.025,609,887241,7.8,0.15,9.8,12230.6,174.1,585,236322,73.5,0.914369783533586,3.25,5.5,65.1,131375,53081,214300,220317
10/1/2009,147.85,583,871391,7.4,0.12,10,12193.2,175.2,534,236550,70.6,1.1903654188135,3.25,5.1,65,131490,53531,219000,220540
11/1/2009,148.134,623,858493,7.6,0.12,9.9,12224.4,177.4,588,236743,67.4,0.516016421313492,3.25,5.5,65,131490,53531,219000,220540
12/1/2009,147.929,664,842609,8,0.12,9.9,12280.2,178.1,581,236924,72.5,0.460810409841406,3.25,5.4,64.6,131490,53531,219000,220540
1/1/2010,147.396,636,822114,8.1,0.11,9.8,12285.8,181.9,614,236832,74.4,0.680110845940707,3.25,5.6,64.8,131626,53683,222900,220768
2/1/2010,145.631,650,814885,8.3,0.13,9.8,12292,181,604,236998,73.6,-0.106627854267949,3.25,5.3,64.9,131626,53683,222900,220768
3/1/2010,145.859,687,821849,7.1,0.16,9.9,12340.3,183.3,636,237159,73.6,-0.286064246298046,3.25,5.3,64.9,131626,53683,222900,220768
4/1/2010,146.403,637,829664,6.2,0.2,9.9,12447.1,184.4,687,237329,72.2,0.452616254178473,3.25,6,65.2,131749,54100,219500,221014
5/1/2010,146.394,575,823447,9.3,0.2,9.6,12540.3,184.8,583,237499,73.6,0.27574788971958,3.25,6.4,64.9,131749,54100,219500,221014
6/1/2010,145.721,587,821943,8.3,0.18,9.4,12544.3,183.5,536,237690,76,1.26475267675239,3.25,6.2,64.6,131749,54100,219500,221014
7/1/2010,144.991,579,799694,8.9,0.18,9.4,12554.2,184.1,546,237890,67.8,0.632305068442718,3.25,6.1,64.6,131874,54401,224100,221252
8/1/2010,143.916,580,802030,8.8,0.19,9.5,12591.4,184.9,599,238099,68.9,0.43020593403722,3.25,6.2,64.7,131874,54401,224100,221252
9/1/2010,143.019,563,807728,7.6,0.19,9.5,12589.9,184.9,594,238322,68.2,1.53627227687154,3.25,6.1,64.6,131874,54401,224100,221252
10/1/2010,142.531,558,801372,8.2,0.19,9.4,12592.5,186.6,543,238530,67.7,1.12609057107202,3.25,5.9,64.4,131995,54569,224300,221507
11/1/2010,142.173,560,804151,8.2,0.19,9.8,12605.1,187.7,545,238715,71.6,1.31829898066591,3.25,5.8,64.6,131995,54569,224300,221507
12/1/2010,142.06,632,789395,7,0.18,9.3,12680.6,189.7,539,238889,74.5,1.393380280754,3.25,6.2,64.3,131995,54569,224300,221507
1/1/2011,141.521,576,759964,7.3,0.17,9.1,12740.1,192.7,630,238704,74.2,2.27322625990496,3.25,6.6,64.2,132117,54341,226900,221779
2/1/2011,140.35,542,758376,8.1,0.16,9,12776.6,195.8,517,238851,77.5,2.81696889792589,3.25,6.9,64.1,132117,54341,226900,221779
3/1/2011,139.981,583,769157,7.2,0.14,9,12742.7,199.2,600,239000,67.5,1.74418998266395,3.25,6.3,64.2,132117,54341,226900,221779
4/1/2011,140.01,581,769437,6.7,0.1,9.1,12721.3,203.1,554,239146,69.8,2.24921919600376,3.25,6.3,64.2,132239,54610,228100,222039
5/1/2011,139.905,618,775251,6.6,0.09,9,12705.3,204.1,561,239313,74.3,2.3058155396239,3.25,6.3,64.1,132239,54610,228100,222039
6/1/2011,139.862,636,794839,6.6,0.09,9.1,12756.9,203.9,608,239489,71.5,1.92672807632472,3.25,6.5,64,132239,54610,228100,222039
7/1/2011,139.73,621,792381,6.7,0.07,9,12805.6,204.6,623,239671,63.7,2.5370313756665,3.25,6.7,64,132362,54482,223500,222279
8/1/2011,139.309,647,811953,6.5,0.1,9,12799.7,203.2,585,239871,55.8,3.17797077169901,3.25,6.7,64.1,132362,54482,223500,222279
9/1/2011,138.668,610,813660,6.3,0.08,9,12781.7,203.7,650,240071,59.5,2.49197707942446,3.25,6.4,64.2,132362,54482,223500,222279
10/1/2011,137.952,671,808378,6,0.07,8.8,12791.9,201.1,610,240269,60.8,2.02226514469577,3.25,6.3,64.1,132491,54979,221100,222509
11/1/2011,137.152,706,812050,5.7,0.08,8.6,12782.7,201.4,711,240441,63.7,1.84701379887522,3.25,6.4,64.1,132491,54979,221100,222509
12/1/2011,136.674,697,821367,5.3,0.07,8.5,12898.5,199.8,694,240584,69.9,2.37433305779156,3.25,7.2,64,132491,54979,221100,222509
1/1/2012,136.607,712,830610,5.3,0.08,8.3,12967.5,200.7,723,242269,75,3.19808928450254,3.25,7.4,63.7,132619,55342,238400,222161
2/1/2012,136.533,738,824368,4.8,0.1,8.3,13029.6,201.6,704,242435,75.3,1.68455191336783,3.25,7.3,63.8,132619,55342,238400,222161
3/1/2012,137.904,806,829288,4.9,0.13,8.2,13066.4,204.2,695,242604,76.2,2.42029632056173,3.25,7.6,63.8,132619,55342,238400,222161
4/1/2012,139.154,732,841740,4.9,0.14,8.2,13116.5,203.7,753,242784,76.4,2.28513384278917,3.25,7.9,63.7,132748,55490,238700,222357
5/1/2012,140.155,796,850928,4.7,0.16,8.2,13112.5,201.9,708,242966,79.3,1.73207207221013,3.25,7.9,63.7,132748,55490,238700,222357
6/1/2012,141.03,794,858009,4.8,0.16,8.2,13097.2,199.8,757,243155,73.2,1.92206327761144,3.25,7.9,63.8,132748,55490,238700,222357
7/1/2012,141.669,849,858934,4.6,0.16,8.2,12999.8,200.1,740,243354,72.3,2.08371119432122,3.25,7,63.7,132890,55454,248800,222550
8/1/2012,142.279,840,862726,4.6,0.13,8.1,12961.6,202.7,754,243566,74.3,2.42386601913445,3.25,6.7,63.5,132890,55454,248800,222550
9/1/2012,142.908,930,866588,4.5,0.14,7.8,13053.1,204.4,847,243772,78.3,2.28660374272893,3.25,7.2,63.6,132890,55454,248800,222550
10/1/2012,143.6,887,875366,4.9,0.16,7.8,13142,203.5,915,243983,82.6,1.87504766315374,3.25,7.8,63.8,133062,55403,251700,222757
11/1/2012,144.585,917,872052,4.6,0.16,7.7,13315.7,201.8,833,244174,82.7,2.07215537879355,3.25,8.7,63.6,133062,55403,251700,222757
12/1/2012,145.503,941,871809,4.5,0.16,7.9,13642.7,201.5,976,244350,72.9,1.79065016566902,3.25,10.9,63.7,133062,55403,251700,222757
1/1/2013,146.827,940,862722,4,0.14,8,12845.5,202.5,888,244663,73.8,2.74180750368704,3.25,4.9,63.7,133234,55859,258400,222967
2/1/2013,147.784,980,873583,4.1,0.15,7.7,12813.9,204.3,962,244828,77.6,2.45154222786008,3.25,4.7,63.4,133234,55859,258400,222967
3/1/2013,149.963,936,864510,4.2,0.14,7.5,12852.1,204,1010,244995,78.6,1.21535791179703,3.25,4.8,63.3,133234,55859,258400,222967
4/1/2013,151.519,1012,879728,4.4,0.15,7.6,12893.4,203.5,835,245175,76.4,2.088884185994,3.25,5.1,63.4,133408,55914,268100,223196
5/1/2013,152.85,1003,888752,4.6,0.11,7.5,12954.2,204.1,930,245363,84.5,1.9563823322529,3.25,5.3,63.4,133408,55914,268100,223196
6/1/2013,154.2,942,899295,4.1,0.09,7.5,12955.7,204.3,839,245552,84.1,2.13725043962469,3.25,5.4,63.4,133408,55914,268100,223196
7/1/2013,155.604,997,917756,5.5,0.09,7.3,12941.8,204.4,880,245756,85.1,2.00320004740069,3.25,5.2,63.3,133593,56272,264800,223422
8/1/2013,156.965,964,929061,5.5,0.08,7.2,12969.6,204.2,917,245959,82.1,2.1480298989162,3.25,5.2,63.3,133593,56272,264800,223422
9/1/2013,158.227,1004,938121,5.4,0.08,7.2,13027.5,203.9,850,246168,77.5,2.23216017314456,3.25,5.3,63.2,133593,56272,264800,223422
10/1/2013,159.242,1044,951214,4.9,0.09,7.2,12974.6,202.5,925,246381,73.2,1.16372929089217,3.25,4.7,62.8,133799,56642,273600,223677
11/1/2013,160.074,1029,964122,5,0.08,6.9,12998.9,201.2,1100,246567,75.1,2.60550640737742,3.25,4.5,63,133799,56642,273600,223677
12/1/2013,160.994,1005,979211,5.2,0.09,6.7,13019.1,202,1002,246745,82.5,2.84464408227172,3.25,4.5,62.9,133799,56642,273600,223677
1/1/2014,161.927,976,986587,5.1,0.07,6.6,13079.5,203.8,888,246915,81.2,2.40632650352188,3.25,5.2,62.9,134005,56345,275200,223941
2/1/2014,162.525,1039,987538,5.3,0.07,6.7,13148,205.7,944,247085,81.6,2.35083134647025,3.25,5.3,62.9,134005,56345,275200,223941
3/1/2014,163.086,1067,991157,5.6,0.08,6.7,13219.9,207,970,247258,80,2.85897667543571,3.25,5.2,63.1,134005,56345,275200,223941
4/1/2014,163.393,1090,1006901,5.7,0.09,6.2,13270.2,208.3,1043,247439,84.1,2.21493222879676,3.25,5.4,62.8,134212,56968,288000,224192
5/1/2014,163.66,1018,1007147,5.2,0.09,6.3,13312.9,208,1007,247622,81.9,2.54562660708071,3.25,5.6,62.9,134212,56968,288000,224192
6/1/2014,164.064,1010,1006424,5.7,0.1,6.1,13360.4,208.3,911,247814,82.5,1.31136444111866,3.25,5.6,62.8,134212,56968,288000,224192
7/1/2014,164.579,1076,1014935,6.2,0.09,6.2,13386.8,208,1085,248023,81.8,2.40490383837575,3.25,5.5,62.9,134423,57536,281000,224422
8/1/2014,165.215,1047,1015096,5.4,0.09,6.1,13445.9,207,984,248229,82.5,1.75173691535098,3.25,5.3,62.9,134423,57536,281000,224422
9/1/2014,165.905,1077,1021890,5.4,0.09,5.9,13486.3,206.4,1023,248446,84.6,1.93541098458714,3.25,5.5,62.8,134423,57536,281000,224422
10/1/2014,166.641,1094,1046402,5.3,0.09,5.7,13550.7,203.4,1074,248657,86.9,2.4289565511268,3.25,5.4,62.9,134642,57702,298900,224640
11/1/2014,167.335,1059,1044893,5.7,0.09,5.8,13624.4,200.9,1001,248844,88.8,2.25631054100233,3.25,5.6,62.9,134642,57702,298900,224640
12/1/2014,168.051,1072,1056429,5.1,0.12,5.6,13719.1,197,1073,249027,93.6,2.3833942455642,3.25,6,62.8,134642,57702,298900,224640
1/1/2015,168.634,1049,1061241,4.8,0.11,5.7,13797.7,192,1085,249723,98.1,1.94752959883826,3.25,6.3,62.9,134862,58121,289200,224837
2/1/2015,169.129,1127,1072895,4.5,0.11,5.5,13848,191.1,886,249899,95.4,1.95449451571832,3.25,6.4,62.7,134862,58121,289200,224837
3/1/2015,169.799,1072,1086748,5.1,0.11,5.4,13811.3,191.5,960,250080,93,2.43333592636743,3.25,5.9,62.6,134862,58121,289200,224837
4/1/2015,170.298,1166,1115619,4.9,0.12,5.4,13842,190.9,1190,250266,95.9,2.96265053867684,3.25,5.9,62.8,135081,58376,289100,225041
5/1/2015,170.88,1272,1135433,5,0.12,5.6,13865.6,193.4,1079,250455,90.7,2.5012910991095,3.25,5.8,62.9,135081,58376,289100,225041
6/1/2015,171.471,1379,1158193,5.4,0.13,5.3,13874.1,194.8,1205,250663,96.1,2.97239956431092,3.25,5.7,62.7,135081,58376,289100,225041
7/1/2015,172.133,1140,1154561,5.2,0.13,5.2,13905.7,193.9,1146,250876,93.1,1.92202530060317,3.25,5.6,62.6,135309,58486,295800,225236
8/1/2015,172.936,1165,1164377,5,0.14,5.1,13935.8,191.9,1130,251096,91.9,1.63579063211565,3.25,5.6,62.6,135309,58486,295800,225236
9/1/2015,173.828,1144,1163937,5.9,0.14,5,13972.2,189.1,1224,251325,87.2,2.99841569275872,3.25,5.8,62.4,135309,58486,295800,225236
10/1/2015,174.792,1160,1151533,5.6,0.12,5,13996.9,187.5,1058,251541,90,2.28316449144805,3.25,5.8,62.5,135552,58470,302500,225441
11/1/2015,175.738,1244,1145510,5.5,0.12,5.1,13993.4,185.7,1172,251747,91.3,2.2654806001265,3.25,5.6,62.5,135552,58470,302500,225441
12/1/2015,176.544,1211,1156354,5.1,0.24,5,14060.2,183.5,1146,251936,92.6,1.83471969623819,3.36,5.8,62.7,135552,58470,302500,225441
1/1/2016,177.274,1171,1160988,5.6,0.34,4.8,14121.1,182.6,1092,252397,92,2.70841659132004,3.5,6.1,62.7,135795,58704,299800,225670
2/1/2016,177.649,1172,1172851,5.5,0.38,4.9,14135.3,181.3,1225,252577,91.7,2.53771440127248,3.5,5.6,62.8,135795,58704,299800,225670
3/1/2016,178.164,1118,1188776,5.5,0.36,5,14135.4,182.1,1111,252768,91,2.22200455864592,3.5,5.9,63,135795,58704,299800,225670
4/1/2016,178.766,1160,1185902,5,0.37,5.1,14106.2,183.2,1163,252969,89,3.82547788330951,3.5,5.5,62.9,136039,58787,306000,225911
5/1/2016,179.429,1205,1190685,5.1,0.37,4.8,14095.5,185.3,1148,253174,94.7,3.2805191880404,3.5,5.3,62.7,136039,58787,306000,225911
6/1/2016,180.084,1208,1217604,5.3,0.38,4.9,14104.9,187.6,1203,253397,93.5,2.10339046055212,3.5,4.9,62.7,136039,58787,306000,225911
7/1/2016,180.834,1198,1214532,4.5,0.39,4.8,14160.1,187.7,1239,253620,90,2.49016471097936,3.5,5.1,62.8,136289,59084,303800,226153
8/1/2016,181.85,1201,1221250,5,0.4,4.9,14176.7,186.6,1171,253854,89.8,2.74257089079208,3.5,5.1,62.9,136289,59084,303800,226153
9/1/2016,182.823,1303,1232438,5.2,0.4,5,14209.1,186.9,1068,254091,91.2,2.49832933493122,3.5,5.1,62.9,136289,59084,303800,226153
10/1/2016,183.75,1254,1241100,5.2,0.4,4.9,14235.4,186.7,1313,254321,87.2,2.01802556175075,3.5,5.3,62.8,136554,59296,310900,226421
11/1/2016,184.759,1230,1264881,5.2,0.41,4.7,14273.6,186.3,1140,254540,93.8,2.45883151623452,3.5,5.4,62.7,136554,59296,310900,226421
12/1/2016,185.725,1248,1270443,5.4,0.54,4.7,14313.7,188.2,1252,254742,98.2,2.03838510774881,3.63,5,62.7,136554,59296,310900,226421
1/1/2017,186.805,1296,1254583,5.4,0.65,4.7,14373.7,190.7,1190,254082,98.5,3.43630577482943,3.75,5.3,62.8,136818,59494,313100,226693
2/1/2017,187.313,1237,1275911,5.3,0.66,4.6,14416.8,191.6,1271,254246,96.3,3.29234633875322,3.75,5.6,62.9,136818,59494,313100,226693
3/1/2017,187.992,1273,1272724,5,0.79,4.4,14476.3,191.5,1190,254414,96.9,1.91438367511723,3.88,5.6,62.9,136818,59494,313100,226693
4/1/2017,188.724,1239,1269079,5.4,0.9,4.4,14509.3,193,1146,254588,97,1.55365836257901,4,5.7,63,137083,59736,318200,226959
5/1/2017,189.616,1205,1282926,5.1,0.91,4.4,14610.7,192.8,1157,254767,97.1,2.11321887098435,4,6.3,62.8,137083,59736,318200,226959
6/1/2017,190.513,1353,1277352,5.3,1.04,4.3,14618.7,193.6,1249,254957,95,1.89683378620467,4.14,6,62.8,137083,59736,318200,226959
7/1/2017,191.45,1254,1275888,5.8,1.15,4.3,14660.2,193.5,1206,255151,93.4,2.12209368341407,4.25,6,62.9,137354,60099,320500,227204
8/1/2017,192.663,1336,1274974,6.1,1.16,4.4,14678.3,193.8,1159,255357,96.8,2.27475798765204,4.25,6.1,62.9,137354,60099,320500,227204
9/1/2017,193.759,1277,1281172,5.3,1.15,4.3,14706,194.8,1181,255562,95.1,2.8702567714483,4.25,5.9,63.1,137354,60099,320500,227204
10/1/2017,194.805,1360,1283266,5.5,1.15,4.2,14748.6,194.9,1257,255766,100.7,2.42496302403465,4.25,6,62.7,137637,60674,337900,227425
11/1/2017,195.958,1295,1308896,4.8,1.16,4.2,14771.1,195.9,1273,255949,98.5,2.42039295861358,4.25,5.6,62.7,137637,60674,337900,227425
12/1/2017,197.178,1312,1313666,5.6,1.3,4.1,14797.9,196.3,1177,256109,95.9,2.95574718908234,4.39,5,62.7,137637,60674,337900,227425
1/1/2018,198.314,1311,1336469,6,1.41,4,14886.6,197.9,1299,256780,95.7,4.17000041826154,4.5,5.7,62.7,137920,61093,331800,227553
2/1/2018,199.227,1331,1355105,5.7,1.42,4.1,14921.1,199.3,1277,256934,99.7,2.01327934554867,4.5,5.8,63,137920,61093,331800,227553
3/1/2018,199.961,1381,1344968,5.2,1.51,4,14974.8,199.3,1318,257097,101.4,1.96190007372539,4.58,5.9,62.9,137920,61093,331800,227553
4/1/2018,200.655,1365,1355101,5.6,1.69,4,15007.2,200.3,1276,257272,98.8,2.93200914809488,4.75,6,62.9,138203,61336,315600,227763
5/1/2018,201.423,1331,1362364,5.5,1.7,3.8,15057.8,203.2,1357,257454,98,2.98183255084012,4.75,6,62.9,138203,61336,315600,227763
6/1/2018,202.237,1338,1343214,5.8,1.82,4,15119.3,204.2,1192,257642,98.2,2.63211788853712,4.89,6.3,63,138203,61336,315600,227763
7/1/2018,202.907,1333,1336631,6,1.91,3.8,15184.7,204.3,1208,257843,97.9,2.11149391449985,5,6.5,63,138488,61622,330900,227975
8/1/2018,203.688,1293,1340449,6.5,1.91,3.8,15238.6,203.4,1288,258066,96.2,2.2967112867851,5,6.6,62.6,138488,61622,330900,227975
9/1/2018,204.353,1320,1326111,6.6,1.95,3.7,15237.5,203.6,1250,258290,100.1,2.33372335554622,5.03,6.8,62.8,138488,61622,330900,227975
10/1/2018,205.12,1280,1310946,7.2,2.19,3.8,15274.1,204.6,1221,258514,98.6,2.60626268747923,5.25,6.7,62.9,138778,61619,322800,228199
11/1/2018,205.679,1334,1300694,6.4,2.2,3.8,15315.2,202.3,1181,258708,97.5,3.72376360170077,5.25,6.5,62.9,138778,61619,322800,228199
12/1/2018,206.169,1320,1289930,7.6,2.27,3.9,15506.5,201,1095,258888,98.3,2.91177701505443,5.34,8.4,63,138778,61619,322800,228199
1/1/2019,206.539,1254,1296049,7,2.4,4,15501.7,199.1,1232,258239,91.2,3.23099390584713,5.5,8.2,63.1,139069,61889,313000,228428
2/1/2019,206.848,1302,1312040,6.4,2.4,3.8,15553.7,199.2,1128,258392,93.8,3.02451212422616,5.5,8.5,63.1,139069,61889,313000,228428
3/1/2019,207.047,1291,1322532,5.7,2.41,3.8,15568.9,200.8,1195,258537,98.4,3.20714449630923,5.5,7.9,63,139069,61889,313000,228428
4/1/2019,207.506,1298,1353657,5.8,2.42,3.6,15524.4,202.1,1267,258693,97.2,2.27749688732326,5.5,7.7,62.9,139360,62331,322500,228671
5/1/2019,208.138,1338,1364421,6.7,2.39,3.7,15519.6,201.7,1307,258861,100,2.55853514567628,5.5,7.3,62.9,139360,62331,322500,228671
6/1/2019,208.659,1301,1383309,5.2,2.38,3.6,15546.4,200.3,1228,259037,98.2,3.80734521449875,5.5,7.1,63,139360,62331,322500,228671
7/1/2019,209.262,1347,1410749,5.9,2.4,3.7,15565.7,200.7,1245,259225,98.4,2.46904799465197,5.5,6.8,63.1,139655,62945,318400,228912
8/1/2019,210.102,1528,1426091,5.4,2.13,3.7,15654.1,199.2,1367,259432,89.8,2.46282907957729,5.25,7,63.1,139655,62945,318400,228912
9/1/2019,210.913,1491,1438119,5.4,2.04,3.5,15691.3,198.4,1300,259638,93.2,3.1506552025939,5.15,7.2,63.2,139655,62945,318400,228912
10/1/2019,211.808,1538,1442150,5.3,1.83,3.6,15718.1,198.6,1332,259845,95.5,2.5257194144136,4.99,7.3,63.3,139961,63257,327100,229167
11/1/2019,212.805,1522,1463036,5.4,1.55,3.6,15778.2,199,1346,260020,96.8,3.45027019634134,4.75,7.1,63.3,139961,63257,327100,229167
12/1/2019,213.955,1461,1466415,5.6,1.55,3.6,15684.8,199,1551,260181,99.3,2.61233046409994,4.75,6.4,63.3,139961,63257,327100,229167
1/1/2020,214.994,1500,1494117,5.7,1.55,3.5,15852.5,199.3,1572,259502,99.8,3.20697563356733,4.75,7.2,63.3,140266,62333,329000,229420
2/1/2020,215.837,1440,1501790,5.6,1.58,3.5,15918,196.7,1565,259628,101,2.70863053554713,4.75,7.7,63.3,140266,62333,329000,229420
3/1/2020,216.365,1348,1506335,6.5,0.65,4.4,15696.3,193.1,1267,259758,89.1,2.96654438067967,3.75,12.5,62.6,140266,62333,329000,229420
4/1/2020,216.801,1050,1460471,6.9,0.05,14.7,18020.2,185.5,925,259896,71.8,1.96837350231596,3.25,32,60.1,140600,57386,322600,229675
5/1/2020,216.987,1253,1452086,5.4,0.05,13.2,17104.6,188.6,1054,260047,72.3,2.89504426558853,3.25,22.7,60.8,140600,57386,322600,229675
6/1/2020,217.63,1329,1459188,3.8,0.08,11,17035,191.2,1266,260204,78.1,1.68037017264615,3.25,18.4,61.5,140600,57386,322600,229675
7/1/2020,219.322,1526,1470971,3.4,0.09,10.2,17193.2,193,1529,260373,72.5,3.61082947310352,3.25,17.9,61.5,140914,61806,337500,229905
8/1/2020,222.424,1564,1489640,3.3,0.1,8.4,16525.8,194.3,1377,260558,74.1,2.23572327671315,3.25,14,61.7,140914,61806,337500,229905
9/1/2020,225.853,1643,1510182,3.4,0.09,7.9,16607.9,195.5,1463,260742,80.4,1.13393304399887,3.25,13.2,61.4,140914,61806,337500,229905
10/1/2020,229.781,1622,1534900,3.3,0.09,6.9,16561.9,196.5,1537,260925,81.8,1.83845624148977,3.25,12.8,61.7,141251,62414,358700,230108
11/1/2020,233.235,1713,1550976,4,0.09,6.7,16368.1,198.3,1545,261085,76.9,1.21891052470624,3.25,12.1,61.5,141251,62414,358700,230108
12/1/2020,236.521,1760,1572760,4.1,0.09,6.7,16406.1,200.5,1663,261230,80.7,1.62448214272382,3.25,12,61.5,141251,62414,358700,230108
1/1/2021,239.559,1866,1606561,4,0.09,6.3,18107.3,204.8,1602,260851,79,1.52430226027722,3.25,19.3,61.3,141589,63227,369800,230650
2/1/2021,242.325,1700,1585044,4.9,0.08,6.2,16604.9,210.6,1422,260918,76.8,2.81039071350004,3.25,12.8,61.4,141589,63227,369800,230650
3/1/2021,245.402,1731,1613045,4.4,0.07,6.1,20422.6,215,1700,261003,84.9,2.35665125777085,3.25,26.1,61.5,141589,63227,369800,230650
4/1/2021,249.055,1714,1615638,4.7,0.07,6.1,17316.6,217.9,1484,261103,88.3,2.7458149440762,3.25,12.3,61.6,141927,64157,382600,230834
5/1/2021,253.426,1680,1628281,5.6,0.06,5.8,16819.1,224.9,1600,261210,82.9,3.33847353905972,3.25,9.9,61.5,141927,64157,382600,230834
6/1/2021,258.381,1644,1639779,5.8,0.08,5.9,16736.3,228.9,1661,261338,85.5,3.16949327064575,3.25,8.7,61.7,141927,64157,382600,230834
7/1/2021,262.707,1618,1658346,5.7,0.1,5.4,16836.1,231.85,1593,261469,81.2,3.58104546874516,3.25,9.4,61.8,142288,64615,411200,231034
8/1/2021,266.921,1837,1666756,6.5,0.09,5.2,16791.7,233.415,1576,261611,70.3,4.02203767076941,3.25,8.7,61.7,142288,64615,411200,231034
9/1/2021,270.402,1636,1667332,6,0.08,4.8,16564.3,235.678,1560,261766,72.8,5.05427501660436,3.25,7.2,61.7,142288,64615,411200,231034
10/1/2021,273.769,1727,1685243,6.8,0.08,4.5,16547.4,240.465,1572,261908,71.7,7.66285258746797,3.25,6.6,61.8,142697,65651,423600,231253
11/1/2021,277.251,1775,1726586,6,0.08,4.2,16499.8,243.287,1712,262029,67.4,6.24507044851239,3.25,6.2,61.9,142697,65651,423600,231253
12/1/2021,281.393,1948,1754426,5.6,0.08,3.9,16418.5,241.338,1787,262136,70.6,5.61179705867823,3.25,6.1,62,142697,65651,423600,231253
1/1/2022,285.921,1898,1796460,5.8,0.08,4,16080.8,246.453,1669,263202,67.2,6.99282631112532,3.25,4.1,62.2,143105,65286,433100,231480
2/1/2022,291.09,1817,1823728,6.2,0.08,3.8,16092.7,252.66,1771,263324,62.8,6.51955458274716,3.25,4.1,62.2,143105,65286,433100,231480
3/1/2022,296.353,1877,1849637,7,0.2,3.6,16028.1,260.014,1713,263444,59.4,6.35024941072335,3.37,3.4,62.4,143105,65286,433100,231480
4/1/2022,300.55,1795,1882753,8.5,0.33,3.6,16042.6,265.31,1803,263559,65.2,6.03032022330425,3.5,3.1,62.2,143514,65127,449300,231713
5/1/2022,303.796,1708,1880896,8.3,0.77,3.6,16023.2,273.251,1543,263679,58.4,7.50394411350803,3.93,3.1,62.3,143514,65127,449300,231713
6/1/2022,304.755,1701,1873184,9.5,1.21,3.6,15963.4,280.251,1561,263835,50,7.92491918446407,4.36,2.7,62.2,143514,65127,449300,231713
7/1/2022,303.714,1658,1869262,10.1,1.68,3.5,16109.3,272.274,1371,264012,51.5,6.42361101881246,4.83,3.5,62.1,143923,65462,468000,231958
8/1/2022,301.596,1586,1847285,8.7,2.33,3.7,16161.4,269.546,1505,264184,58.2,8.46391746602624,5.5,3.2,62.3,143923,65462,468000,231958
9/1/2022,299.38,1588,1836930,9.7,2.56,3.5,16184.9,267.898,1463,264356,58.6,8.38296430227019,5.74,3,62.3,143923,65462,468000,231958
10/1/2022,298.922,1555,1830477,9.7,3.08,3.7,16223.5,265.061,1432,264535,59.9,6.50774804422964,6.25,3,62.2,144332,65783,479500,232211
11/1/2022,298.312,1402,1842206,9.4,3.78,3.6,16229.6,263.157,1427,264708,56.7,5.76577021806237,6.93,3.3,62.2,144332,65783,479500,232211
12/1/2022,297.471,1409,1840896,8.5,4.1,3.5,16265.1,257.897,1357,264844,59.8,7.04916103059838,7.26,3.4,62.3,144332,65783,479500,232211
1/1/2023,297.025,1354,1882199,8.1,4.33,3.4,16601.9,260.227,1340,265962,64.9,8.14249535537772,7.5,4.4,62.4,144740,66078,429000,232461
2/1/2023,297.464,1482,1889562,8.4,4.57,3.6,16656.1,258.669,1436,266112,66.9,7.880495894967,7.74,4.7,62.5,144740,66078,429000,232461
3/1/2023,298.539,1437,1901401,8.1,4.65,3.5,16730.2,257.062,1380,266272,62,4.90705452795612,7.83,5.2,62.6,144740,66078,429000,232461
4/1/2023,300.198,1417,1907837,7.6,4.83,3.4,16770.5,256.908,1348,266443,63.7,4.91159508026411,8,5.2,62.6,145149,66341,418500,232715
5/1/2023,302.62,1496,1946733,7.2,5.06,3.7,16829.7,253.67,1583,266618,59,4.65568634289892,8.22,5.3,62.6,145149,66341,418500,232715
6/1/2023,304.651,1441,1956226,7.5,5.08,3.6,16823.2,253.86,1418,266801,64.2,4.35544718579104,8.25,4.9,62.6,145149,66341,418500,232715
7/1/2023,306.634,1443,1969005,7,5.12,3.5,16783.7,253.805,1451,267002,71.5,2.283639185594,8.29,4.1,62.6,145558,67039,431000,232939
